id,title,artists,duration,mbid,jams_path
weimar_1,Anthropology,Art Pepper,141.77913832199548,6391fad8-724d-416b-99aa-4dac69b7b693,../../partitions/weimar/choco/jams/weimar_1.jams
weimar_2,Blues for Blanche,Art Pepper,159.23210884353742,6f93b7a9-8d5c-46e9-aada-2533f3db871c,../../partitions/weimar/choco/jams/weimar_2.jams
weimar_3,Desafinado,Art Pepper,111.25115646258504,5d42eb36-e1cb-4808-b36f-ac94dddc3fcb,../../partitions/weimar/choco/jams/weimar_3.jams
weimar_4,In a Mellow Tone,Art Pepper,183.1009523809524,32114f13-935c-48a7-a42d-db97663e4658,../../partitions/weimar/choco/jams/weimar_4.jams
weimar_5,Stardust,Art Pepper,255.26122448979592,9b12b012-983c-450b-85e9-9315bebb6dfa,../../partitions/weimar/choco/jams/weimar_5.jams
weimar_6,Stardust,Art Pepper,289.53877551020406,9b12b012-983c-450b-85e9-9315bebb6dfa,../../partitions/weimar/choco/jams/weimar_6.jams
weimar_7,I Got It Bad,Benny Carter,173.21578231292517,6f69fba1-6832-4e82-8257-9d5172e6f0e4,../../partitions/weimar/choco/jams/weimar_7.jams
weimar_8,It's a Wonderful World,Benny Carter,94.141768707483,c1a88604-d063-476d-bdd5-d2e59fce0b82,../../partitions/weimar/choco/jams/weimar_8.jams
weimar_9,It's a Wonderful World,Benny Carter,60.01938775510204,c1a88604-d063-476d-bdd5-d2e59fce0b82,../../partitions/weimar/choco/jams/weimar_9.jams
weimar_10,Just Friends,Benny Carter,112.43469387755101,0d7ab9bd-a3d0-4d78-8f8a-5f78dcaecfa9,../../partitions/weimar/choco/jams/weimar_10.jams
weimar_11,Long Ago and Far Away,Benny Carter,43.84798185941044,fe2804a8-b1fa-4a1a-bd51-96dad7b09b12,../../partitions/weimar/choco/jams/weimar_11.jams
weimar_12,Long Ago and Far Away,Benny Carter,48.9708843537415,fe2804a8-b1fa-4a1a-bd51-96dad7b09b12,../../partitions/weimar/choco/jams/weimar_12.jams
weimar_13,Sweet Lorraine,Benny Carter,88.50947845804988,05670fa0-4311-405c-b6cb-a78c80c65318,../../partitions/weimar/choco/jams/weimar_13.jams
weimar_14,Avalon,Benny Goodman,33.11319727891157,7e8d5670-50a7-42f9-a895-63324f4fc8be,../../partitions/weimar/choco/jams/weimar_14.jams
weimar_15,Handful of Keys,Benny Goodman,13.665306122448978,c6db9985-bc89-42ca-8f23-3504b9425b7c,../../partitions/weimar/choco/jams/weimar_15.jams
weimar_16,Nobody's Sweetheart,Benny Goodman,30.418321995464854,8f75a1a2-7f2b-4ef7-bade-9ed861fa3bef,../../partitions/weimar/choco/jams/weimar_16.jams
weimar_17,Runnin' Wild,Benny Goodman,27.80154195011338,1be0f453-dc33-48a2-8dfc-af1954c14930,../../partitions/weimar/choco/jams/weimar_17.jams
weimar_18,Tiger Rag,Benny Goodman,29.592834467120184,550eb0cf-ced6-4e63-b2b8-cff9650be6f3,../../partitions/weimar/choco/jams/weimar_18.jams
weimar_19,Tiger Rag,Benny Goodman,36.115102040816325,550eb0cf-ced6-4e63-b2b8-cff9650be6f3,../../partitions/weimar/choco/jams/weimar_19.jams
weimar_20,Whispering,Benny Goodman,39.412517006802716,e2eaf13c-0839-450e-9829-43aad387eceb,../../partitions/weimar/choco/jams/weimar_20.jams
weimar_21,Bye Bye Blackbird,Ben Webster,160.71795918367349,d256784b-5843-4219-b010-a1ea9c62f8f7,../../partitions/weimar/choco/jams/weimar_21.jams
weimar_22,Did You Call Her Today,Ben Webster,129.5554648526077,57da0424-3108-404e-bff8-5ded4c6343af,../../partitions/weimar/choco/jams/weimar_22.jams
weimar_23,My Ideal,Ben Webster,103.11111111111114,f2231215-1f99-47d6-8c49-5554ae0fd6c0,../../partitions/weimar/choco/jams/weimar_23.jams
weimar_24,Night and Day,Ben Webster,126.14183673469388,8349d74a-ce4e-4ccb-ad73-33af2f21912f,../../partitions/weimar/choco/jams/weimar_24.jams
weimar_25,Where or When,Ben Webster,117.22013605442177,7eb298e8-12a6-4d2f-a506-4f697b1c1760,../../partitions/weimar/choco/jams/weimar_25.jams
weimar_26,I'm Coming Virginia,Bix Beiderbecke,88.24453514739228,1f4d1333-8e87-45ac-b75f-517f03dea974,../../partitions/weimar/choco/jams/weimar_26.jams
weimar_27,Margie,Bix Beiderbecke,19.451473922902494,43e09ccf-b2d1-47ad-b13e-e9c7fdc3d0fe,../../partitions/weimar/choco/jams/weimar_27.jams
weimar_28,Riverboat Shuffle,Bix Beiderbecke,36.67591836734694,c3ec0b7b-d0d0-478c-a5fb-2a352bc3515a,../../partitions/weimar/choco/jams/weimar_28.jams
weimar_29,Royal Garden Blues,Bix Beiderbecke,15.36122448979592,2b5dbdbd-fd87-43c2-801c-728fe0f15d3d,../../partitions/weimar/choco/jams/weimar_29.jams
weimar_30,Singin the Blues,Bix Beiderbecke,56.621859410430844,7c31f102-1178-46d2-baf6-25f08e4a6e48,../../partitions/weimar/choco/jams/weimar_30.jams
weimar_31,Angles,Bob Berg,126.67863945578229,525226a9-f939-4491-a70a-c1017e63c731,../../partitions/weimar/choco/jams/weimar_31.jams
weimar_32,Blues for Bela,Bob Berg,91.00721088435375,d3e7c6b1-0171-4cb0-a93c-a74720f19dc4,../../partitions/weimar/choco/jams/weimar_32.jams
weimar_33,I Didn't Know What Time It Was,Bob Berg,203.79269841269843,87d53f9d-c410-4ea9-ae05-ecb6908b6863,../../partitions/weimar/choco/jams/weimar_33.jams
weimar_34,Nature of the Beast,Bob Berg,196.89868480725625,9eaeabcd-b200-4b56-9555-99a4eeaf40da,../../partitions/weimar/choco/jams/weimar_34.jams
weimar_35,No Moe,Bob Berg,137.88879818594103,34372cc2-e328-4436-8923-f7ef79f33bd8,../../partitions/weimar/choco/jams/weimar_35.jams
weimar_36,Second Sight,Bob Berg,76.99736961451248,8c02e0a5-3984-4dcc-8d5a-a94144803fb6,../../partitions/weimar/choco/jams/weimar_36.jams
weimar_37,You and the Night and the Music,Bob Berg,95.03673469387755,0bc3acd3-cbd1-439b-a19f-8c542d421edd,../../partitions/weimar/choco/jams/weimar_37.jams
weimar_38,Gutbucket Steepy,Branford Marsalis,209.97723356009072,28a182ec-dcb1-40b2-ae24-e53b0d743e3b,../../partitions/weimar/choco/jams/weimar_38.jams
weimar_39,Housed from Edward,Branford Marsalis,228.41097505668935,5fd24543-2b6d-471d-9b0f-393781d78f92,../../partitions/weimar/choco/jams/weimar_39.jams
weimar_40,Housed from Edward,Branford Marsalis,49.40045351473923,5fd24543-2b6d-471d-9b0f-393781d78f92,../../partitions/weimar/choco/jams/weimar_40.jams
weimar_41,The Nearness of You,Branford Marsalis,333.32371882086164,3177a47e-6b52-4b5a-bf6c-0f49504f304b,../../partitions/weimar/choco/jams/weimar_41.jams
weimar_42,Three Little Words,Branford Marsalis,192.6312925170068,00d6d225-f761-4d91-a0a3-052e25309a98,../../partitions/weimar/choco/jams/weimar_42.jams
weimar_43,U.M.M.G.,Branford Marsalis,226.75233560090703,53b9ed5d-a31a-4c2c-8c4e-fc7b8aaca8f0,../../partitions/weimar/choco/jams/weimar_43.jams
weimar_44,After Theatre Jump,Buck Clayton,44.788208616780054,4dc02b92-34af-4185-ad08-b07daefe6db8,../../partitions/weimar/choco/jams/weimar_44.jams
weimar_45,Destination K.C.,Buck Clayton,61.305079365079365,3725f70c-2ac2-43a3-8448-b9672943deaf,../../partitions/weimar/choco/jams/weimar_45.jams
weimar_46,Dickie's Dream,Buck Clayton,33.59242630385487,67e7059d-7127-432b-be9b-a51f171a3828,../../partitions/weimar/choco/jams/weimar_46.jams
weimar_47,High Fly,Cannonball Adderley,120.37074829931973,0c736495-4b65-4b52-9f47-6498c22d8245,../../partitions/weimar/choco/jams/weimar_47.jams
weimar_48,So What,Cannonball Adderley,105.25315192743764,60f750f4-d222-46b7-ad5c-905334c9a48a,../../partitions/weimar/choco/jams/weimar_48.jams
weimar_49,Star Eyes,Cannonball Adderley,88.73673469387755,eca1e315-5bb3-447f-ad30-ea3505fbf6ce,../../partitions/weimar/choco/jams/weimar_49.jams
weimar_50,This Here,Cannonball Adderley,166.10394557823128,42e46bbb-d74a-4e47-880a-0328d7ba86de,../../partitions/weimar/choco/jams/weimar_50.jams
weimar_51,Work Song,Cannonball Adderley,98.91630385487528,c9971301-317e-477a-9140-5dc2a8e75e6c,../../partitions/weimar/choco/jams/weimar_51.jams
weimar_52,Billie's Bounce,Charlie Parker,73.13850340136054,,../../partitions/weimar/choco/jams/weimar_52.jams
weimar_53,Blues for Alice,Charlie Parker,51.988027210884354,,../../partitions/weimar/choco/jams/weimar_53.jams
weimar_54,Don't Blame Me,Charlie Parker,122.00462585034013,,../../partitions/weimar/choco/jams/weimar_54.jams
weimar_55,Donna Lee,Charlie Parker,69.68090702947846,,../../partitions/weimar/choco/jams/weimar_55.jams
weimar_56,Embraceable You,Charlie Parker,107.86530612244897,,../../partitions/weimar/choco/jams/weimar_56.jams
weimar_57,How Deep Is the Ocean,Charlie Parker,108.45387755102041,,../../partitions/weimar/choco/jams/weimar_57.jams
weimar_58,K.C. Blues,Charlie Parker,51.02294784580499,,../../partitions/weimar/choco/jams/weimar_58.jams
weimar_59,Ko-Ko,Charlie Parker,77.00607709750567,,../../partitions/weimar/choco/jams/weimar_59.jams
weimar_60,My Little Suede Shoes,Charlie Parker,53.30816326530612,,../../partitions/weimar/choco/jams/weimar_60.jams
weimar_61,Ornithology,Charlie Parker,35.09591836734693,,../../partitions/weimar/choco/jams/weimar_61.jams
weimar_62,Out of Nowhere,Charlie Parker,114.77532879818594,,../../partitions/weimar/choco/jams/weimar_62.jams
weimar_63,Scrapple from the Apple,Charlie Parker,57.56043083900227,,../../partitions/weimar/choco/jams/weimar_63.jams
weimar_64,Segment,Charlie Parker,61.878412698412696,,../../partitions/weimar/choco/jams/weimar_64.jams
weimar_65,Star Eyes,Charlie Parker,65.22775510204082,,../../partitions/weimar/choco/jams/weimar_65.jams
weimar_66,Steeplechase,Charlie Parker,44.48798185941043,,../../partitions/weimar/choco/jams/weimar_66.jams
weimar_67,Thriving on a Riff,Charlie Parker,68.30875283446713,7ffe301a-8a0f-451a-a774-78d9b880e45d,../../partitions/weimar/choco/jams/weimar_67.jams
weimar_68,Yardbird Suite,Charlie Parker,37.12580498866214,,../../partitions/weimar/choco/jams/weimar_68.jams
weimar_69,Limehouse Blues,Charlie Shavers,28.975510204081633,2b718e7e-f877-4a44-a7d3-ad24375d58dd,../../partitions/weimar/choco/jams/weimar_69.jams
weimar_70,I Fall in Love Too Easily,Chet Baker,58.363174603174606,eb75ae3c-09d5-43ee-be99-2f41c51ca924,../../partitions/weimar/choco/jams/weimar_70.jams
weimar_71,Just Friends,Chet Baker,50.17827664399093,5dece1a5-eb42-4c31-b4dc-51cd01b5e155,../../partitions/weimar/choco/jams/weimar_71.jams
weimar_72,Let's Get Lost,Chet Baker,48.748934240362814,1ddba2b2-5019-4b9e-8953-638caa3a2259,../../partitions/weimar/choco/jams/weimar_72.jams
weimar_73,Long Ago and Far Away,Chet Baker,45.748571428571424,334dc4be-0b25-44aa-b2ed-9f6a8020505d,../../partitions/weimar/choco/jams/weimar_73.jams
weimar_74,There Will Never Be Another You,Chet Baker,56.72294784580499,a667cc92-05b9-4fbc-b7d2-2aa554124816,../../partitions/weimar/choco/jams/weimar_74.jams
weimar_75,There Will Never Be Another You,Chet Baker,29.750566893424033,a667cc92-05b9-4fbc-b7d2-2aa554124816,../../partitions/weimar/choco/jams/weimar_75.jams
weimar_76,Two's Blues,Chet Baker,59.70140589569161,ac215fa3-8f92-4e7e-9cb1-ae89be13615d,../../partitions/weimar/choco/jams/weimar_76.jams
weimar_77,You'd Be So Nice to Come Home to,Chet Baker,68.78267573696147,8cdca1d4-3584-4f06-9359-824db56bff29,../../partitions/weimar/choco/jams/weimar_77.jams
weimar_78,Anthropology,Chris Potter,125.55637188208615,,../../partitions/weimar/choco/jams/weimar_78.jams
weimar_79,Arjuna,Chris Potter,233.76396825396827,e0426d4f-71b9-45e5-b338-c6a2a339ff3a,../../partitions/weimar/choco/jams/weimar_79.jams
weimar_80,In a Sentimental Mood,Chris Potter,109.0118820861678,6160a29a-deda-47bd-b764-207180f1a668,../../partitions/weimar/choco/jams/weimar_80.jams
weimar_81,"Item 1, D.I.T.",Chris Potter,227.64916099773242,7e62048b-2d4d-4924-bb61-f3414759f324,../../partitions/weimar/choco/jams/weimar_81.jams
weimar_82,Pop Tune #1,Chris Potter,308.4814512471655,73fc185d-9d29-419a-97b7-cda002317dcc,../../partitions/weimar/choco/jams/weimar_82.jams
weimar_83,Rumples,Chris Potter,128.11256235827665,7e654613-d061-4610-b3fb-b7537a5afca3,../../partitions/weimar/choco/jams/weimar_83.jams
weimar_84,Togo,Chris Potter,192.61578231292515,f6fe9830-136c-47ba-9bbe-1c767d02db87,../../partitions/weimar/choco/jams/weimar_84.jams
weimar_85,Body and Soul,Chu Berry,90.98902494331064,aa303ee8-9a54-47de-a7b9-4a725cf2680b,../../partitions/weimar/choco/jams/weimar_85.jams
weimar_86,Body and Soul,Chu Berry,35.71229024943311,aa303ee8-9a54-47de-a7b9-4a725cf2680b,../../partitions/weimar/choco/jams/weimar_86.jams
weimar_87,A Night in Tunisia,Clifford Brown,120.1887074829932,,../../partitions/weimar/choco/jams/weimar_87.jams
weimar_88,Daahoud,Clifford Brown,64.33102040816325,03fa3846-e752-4213-90fa-a822fddb448e,../../partitions/weimar/choco/jams/weimar_88.jams
weimar_89,George's Dilemma,Clifford Brown,100.70204081632653,ae5aaf5e-54a0-436e-862c-bfb6e36079e9,../../partitions/weimar/choco/jams/weimar_89.jams
weimar_90,I'll Remember April,Clifford Brown,80.4008163265306,d84746cf-9bc6-40f0-bd4d-e86a553cd3d4,../../partitions/weimar/choco/jams/weimar_90.jams
weimar_91,I'll Remember April,Clifford Brown,81.73251700680271,1f951a1a-34f6-4979-86f8-f4e4087d3563,../../partitions/weimar/choco/jams/weimar_91.jams
weimar_92,Jordu,Clifford Brown,110.23337868480725,d31e4578-a6d0-4575-9758-e44c54c76021,../../partitions/weimar/choco/jams/weimar_92.jams
weimar_93,Joy Spring,Clifford Brown,94.73015873015872,85cb589f-dfd3-4a37-be4c-faca633c4cf4,../../partitions/weimar/choco/jams/weimar_93.jams
weimar_94,Sandu,Clifford Brown,44.78784580498866,278bc44b-1fcc-4585-aeb9-e1f27e2a16e4,../../partitions/weimar/choco/jams/weimar_94.jams
weimar_95,Stompin' at the Savoy,Clifford Brown,92.92907029478458,42438f79-580a-41fa-bd9c-9ac1cb2e3220,../../partitions/weimar/choco/jams/weimar_95.jams
weimar_96,Body and Soul,Coleman Hawkins,167.43990929705217,1b5b0b25-6196-429b-ac02-a54a11f64ba6,../../partitions/weimar/choco/jams/weimar_96.jams
weimar_97,It's Only a Papermoon,Coleman Hawkins,57.74154195011338,,../../partitions/weimar/choco/jams/weimar_97.jams
weimar_98,My Blue Heaven,Coleman Hawkins,58.022448979591836,3006d2f7-6ef4-4ea3-a191-7d721e0f1829,../../partitions/weimar/choco/jams/weimar_98.jams
weimar_99,Perdido,Coleman Hawkins,89.01990929705217,9b41dfd1-4eab-4edd-a703-d9a277c408d8,../../partitions/weimar/choco/jams/weimar_99.jams
weimar_100,Sophisticated Lady,Coleman Hawkins,173.62448979591838,02bd1f99-ad59-4467-8279-71bdb76a88c7,../../partitions/weimar/choco/jams/weimar_100.jams
weimar_101,Stompin' at the Savoy,Coleman Hawkins,61.98566893424036,04e590dc-fa9e-4c33-ab15-93c8e8616016,../../partitions/weimar/choco/jams/weimar_101.jams
weimar_102,Blue Train,Curtis Fuller,107.28281179138322,59284d2d-dc82-4ba8-b42f-6c5d906e7e4a,../../partitions/weimar/choco/jams/weimar_102.jams
weimar_103,Down Under,Curtis Fuller,37.054693877551024,25de5364-766f-40e9-be39-4a8591a51284,../../partitions/weimar/choco/jams/weimar_103.jams
weimar_104,Begin the Beguine,David Liebman,66.35392290249435,,../../partitions/weimar/choco/jams/weimar_104.jams
weimar_105,Day & Nite,David Liebman,183.2857142857143,c39bf4e3-5ec8-4c0a-8f79-0d770598292d,../../partitions/weimar/choco/jams/weimar_105.jams
weimar_106,I've Got You Under My Skin,David Liebman,159.4441723356009,,../../partitions/weimar/choco/jams/weimar_106.jams
weimar_107,Milestones,David Liebman,94.45877551020408,39d3aacb-90f0-4d59-986e-5221f4873983,../../partitions/weimar/choco/jams/weimar_107.jams
weimar_108,Nica's Dream,David Liebman,100.05451247165533,7a1704a4-6259-4723-b8e0-84631596abc5,../../partitions/weimar/choco/jams/weimar_108.jams
weimar_109,No Greater Love,David Liebman,72.18503401360545,d83ebd41-a421-43f1-a4f1-bfb1ba313a4a,../../partitions/weimar/choco/jams/weimar_109.jams
weimar_110,Pablo's Story,David Liebman,186.47655328798186,1b7f091c-4a24-46d1-a80f-b397ebe740ba,../../partitions/weimar/choco/jams/weimar_110.jams
weimar_111,Pendulum,David Liebman,138.0107029478458,6cab4249-273b-4f3a-bcbb-42fff128bcd6,../../partitions/weimar/choco/jams/weimar_111.jams
weimar_112,Secret Love,David Liebman,129.21836734693878,64dee594-7180-4a8a-b9d5-5cc2cab7cf07,../../partitions/weimar/choco/jams/weimar_112.jams
weimar_113,Softly as in a Morning Sunrise,David Liebman,211.86984126984126,a54842fb-130b-4b64-b899-01fd424a732e,../../partitions/weimar/choco/jams/weimar_113.jams
weimar_114,There Will Never Be Another You,David Liebman,153.42040816326534,9bd229c2-4241-4ed3-835a-498f8cc2a1a2,../../partitions/weimar/choco/jams/weimar_114.jams
weimar_115,Ask Me Now,David Murray,57.234693877551024,455e1bf8-0671-485d-8fd7-9cb6daafe273,../../partitions/weimar/choco/jams/weimar_115.jams
weimar_116,Blues for Two,David Murray,335.47609977324265,431692ee-7857-439f-867c-e0cebcbc619e,../../partitions/weimar/choco/jams/weimar_116.jams
weimar_117,Blues for Two,David Murray,43.88807256235828,431692ee-7857-439f-867c-e0cebcbc619e,../../partitions/weimar/choco/jams/weimar_117.jams
weimar_118,Body and Soul,David Murray,118.74897959183673,a8dc9b25-5c1d-4501-9bec-eca65b41d6a0,../../partitions/weimar/choco/jams/weimar_118.jams
weimar_119,Body and Soul,David Murray,30.290430839002262,a8dc9b25-5c1d-4501-9bec-eca65b41d6a0,../../partitions/weimar/choco/jams/weimar_119.jams
weimar_120,Chelsea Bridge,David Murray,149.66530612244898,ec975bc2-277f-45a2-ac23-00496645c9a7,../../partitions/weimar/choco/jams/weimar_120.jams
weimar_121,Cheese Cake,Dexter Gordon,123.85088435374149,00db281a-fcbd-4eb5-ba96-d87d6025f114,../../partitions/weimar/choco/jams/weimar_121.jams
weimar_122,Dextivity,Dexter Gordon,82.58925170068028,fc54e3e6-c898-466b-99c6-e88274cfd721,../../partitions/weimar/choco/jams/weimar_122.jams
weimar_123,Montmartre,Dexter Gordon,153.29233560090702,66d0d328-82c3-463a-b6a8-5f796b5b1aac,../../partitions/weimar/choco/jams/weimar_123.jams
weimar_124,Society Red,Dexter Gordon,244.40308390022676,c009f6b1-e7ea-4cd9-83c6-9dd6ea662af6,../../partitions/weimar/choco/jams/weimar_124.jams
weimar_125,Stanley the Steamer,Dexter Gordon,192.14591836734692,b9d15dba-98e7-444f-b8ab-16bf52f2e7c3,../../partitions/weimar/choco/jams/weimar_125.jams
weimar_126,The Rainbow People,Dexter Gordon,196.1884580498866,a28c1fd5-e80f-4006-b20f-52c0ec4c18d9,../../partitions/weimar/choco/jams/weimar_126.jams
weimar_127,After Theatre Jump,Dickie Wells,44.348662131519276,4dc02b92-34af-4185-ad08-b07daefe6db8,../../partitions/weimar/choco/jams/weimar_127.jams
weimar_128,Destination K.C.,Dickie Wells,31.093877551020412,3725f70c-2ac2-43a3-8448-b9672943deaf,../../partitions/weimar/choco/jams/weimar_128.jams
weimar_129,Dickie's Dream,Dickie Wells,31.81759637188209,67e7059d-7127-432b-be9b-a51f171a3828,../../partitions/weimar/choco/jams/weimar_129.jams
weimar_130,I Got Rhythm,Dickie Wells,63.58784580498866,78c43c1b-6394-40af-ac4f-bdffe63c274b,../../partitions/weimar/choco/jams/weimar_130.jams
weimar_131,Jo-Jo,Dickie Wells,31.62603174603175,604a76af-a2e7-4c5b-94f8-a290afd8549b,../../partitions/weimar/choco/jams/weimar_131.jams
weimar_132,Six Cats and a Prince,Dickie Wells,34.98761904761905,68b19d4d-1f81-4ff8-86f3-139fc10dc26a,../../partitions/weimar/choco/jams/weimar_132.jams
weimar_133,Anthropology,Dizzy Gillespie,31.210521541950115,4ed800b3-c3c1-4c08-a66e-e64488dbe269,../../partitions/weimar/choco/jams/weimar_133.jams
weimar_134,Be-Bop,Dizzy Gillespie,79.14789115646258,,../../partitions/weimar/choco/jams/weimar_134.jams
weimar_135,Blue 'n Boogie,Dizzy Gillespie,57.006848072562356,e81617e6-a61c-439f-9a48-353120afd6c1,../../partitions/weimar/choco/jams/weimar_135.jams
weimar_136,Cognac Blues,Dizzy Gillespie,39.92961451247166,,../../partitions/weimar/choco/jams/weimar_136.jams
weimar_137,Groovin' High,Dizzy Gillespie,81.56126984126985,decb1614-062d-4635-ad5c-55c17cb55541,../../partitions/weimar/choco/jams/weimar_137.jams
weimar_138,Hot House,Dizzy Gillespie,43.21437641723356,dfc773b-82cb-41de-94c9-aa4036960bf9,../../partitions/weimar/choco/jams/weimar_138.jams
weimar_139,Be-Bop,Don Byas,52.707142857142856,,../../partitions/weimar/choco/jams/weimar_139.jams
weimar_140,Body and Soul,Don Byas,155.60272108843537,254b3d16-a2e6-4bc1-9dee-ef972cc0f36d,../../partitions/weimar/choco/jams/weimar_140.jams
weimar_141,Cognac Blues,Don Byas,48.46004535147392,,../../partitions/weimar/choco/jams/weimar_141.jams
weimar_142,Harvard Blues,Don Byas,29.21360544217687,b5147d0f-81ce-4834-9097-d8e486d9e7a2,../../partitions/weimar/choco/jams/weimar_142.jams
weimar_143,Harvard Blues,Don Byas,30.952199546485254,b5147d0f-81ce-4834-9097-d8e486d9e7a2,../../partitions/weimar/choco/jams/weimar_143.jams
weimar_144,Infidele (Cry),Don Byas,72.04063492063491,a1f66b37-d30e-459a-a080-bdff0b3d4a92,../../partitions/weimar/choco/jams/weimar_144.jams
weimar_145,Out of Nowhere,Don Byas,68.78911564625851,e38d4f45-5a86-472f-a492-1534150854f6,../../partitions/weimar/choco/jams/weimar_145.jams
weimar_146,Un Amour Pleurait,Don Byas,74.80408163265307,7a3a054e-746f-4ede-b10a-75bcfb654eee,../../partitions/weimar/choco/jams/weimar_146.jams
weimar_147,I Love You,Don Ellis,105.86367346938775,8c834d60-f3f5-4620-a492-3ca0165efc90,../../partitions/weimar/choco/jams/weimar_147.jams
weimar_148,Johnny Come Lately,Don Ellis,74.1502947845805,,../../partitions/weimar/choco/jams/weimar_148.jams
weimar_149,Out of Nowhere,Don Ellis,54.32244897959183,25f41a68-29ee-43d2-9f69-bedd85ee8c12,../../partitions/weimar/choco/jams/weimar_149.jams
weimar_150,Sweet and Lovely,Don Ellis,115.37424036281179,f21c72f6-0ad6-4c3f-bb8b-7a86b3f66983,../../partitions/weimar/choco/jams/weimar_150.jams
weimar_151,You Stepped Out of a Dream,Don Ellis,39.274013605442185,194cb07e-ac90-4cd3-8480-3dfc7a332e2a,../../partitions/weimar/choco/jams/weimar_151.jams
weimar_152,You Stepped Out of a Dream,Don Ellis,43.23573696145125,194cb07e-ac90-4cd3-8480-3dfc7a332e2a,../../partitions/weimar/choco/jams/weimar_152.jams
weimar_153,245,Eric Dolphy,118.93641723356009,5caf5949-63c0-4f0b-a05c-457c08c66ba1,../../partitions/weimar/choco/jams/weimar_153.jams
weimar_154,Aisha,Eric Dolphy,62.852970521541955,cb24fc01-afb6-4502-a485-cb13481d51bd,../../partitions/weimar/choco/jams/weimar_154.jams
weimar_155,Dahomey Dance,Eric Dolphy,135.2417233560091,e57c469d-a5ed-4645-bb7c-586e308303bd,../../partitions/weimar/choco/jams/weimar_155.jams
weimar_156,Les,Eric Dolphy,58.197097505668935,553a8e19-68c9-4a8b-886c-8ae34a8f34e5,../../partitions/weimar/choco/jams/weimar_156.jams
weimar_157,On Green Dolphin Street,Eric Dolphy,93.07809523809524,59791382-b610-4e2f-97d6-695bcaf4b45c,../../partitions/weimar/choco/jams/weimar_157.jams
weimar_158,Serene,Eric Dolphy,114.56122448979592,1680b0eb-cbf7-4f57-a6c2-4783801bd2a5,../../partitions/weimar/choco/jams/weimar_158.jams
weimar_159,Anthropology,Fats Navarro,50.761904761904766,4634ff24-09df-4716-8170-451a681f80ca,../../partitions/weimar/choco/jams/weimar_159.jams
weimar_160,Double Talk,Fats Navarro,104.12244897959182,2e6ab7f7-71cc-40d5-b841-d3c3e10584cc,../../partitions/weimar/choco/jams/weimar_160.jams
weimar_161,Good Bait,Fats Navarro,53.18798185941043,b3eb7d30-09f9-4f9a-bcda-79a987331401,../../partitions/weimar/choco/jams/weimar_161.jams
weimar_162,Good Bait,Fats Navarro,52.67142857142857,9031ef56-cb06-46aa-83b6-23c6061d8f5d,../../partitions/weimar/choco/jams/weimar_162.jams
weimar_163,Our Delight,Fats Navarro,38.54512471655329,30c4c5b4-7920-46b4-a9f7-2ba06492f5e7,../../partitions/weimar/choco/jams/weimar_163.jams
weimar_164,The Skunk,Fats Navarro,34.559183673469384,,../../partitions/weimar/choco/jams/weimar_164.jams
weimar_165,245,Freddie Hubbard,120.03673469387756,5caf5949-63c0-4f0b-a05c-457c08c66ba1,../../partitions/weimar/choco/jams/weimar_165.jams
weimar_166,Dolphin Dance,Freddie Hubbard,130.1085260770975,7593c82f-62c0-4658-a58a-0ac8ff2a1f7a,../../partitions/weimar/choco/jams/weimar_166.jams
weimar_167,Down Under,Freddie Hubbard,38.55714285714286,25de5364-766f-40e9-be39-4a8591a51284,../../partitions/weimar/choco/jams/weimar_167.jams
weimar_168,Maiden Voyage,Freddie Hubbard,118.45142857142858,8b3ca77d-647d-4e3e-b3a9-e7d5dd17f3e0,../../partitions/weimar/choco/jams/weimar_168.jams
weimar_169,Society Red,Freddie Hubbard,149.8267573696145,c009f6b1-e7ea-4cd9-83c6-9dd6ea662af6,../../partitions/weimar/choco/jams/weimar_169.jams
weimar_170,Speak No Evil,Freddie Hubbard,82.39269841269842,52f5dd01-050e-4db2-b85f-a4775a321292,../../partitions/weimar/choco/jams/weimar_170.jams
weimar_171,Maiden Voyage,George Coleman,62.314376417233575,8b3ca77d-647d-4e3e-b3a9-e7d5dd17f3e0,../../partitions/weimar/choco/jams/weimar_171.jams
weimar_172,Bunny,Gerry Mulligan,65.16725623582767,e48d322a-ab75-4c3d-b826-7c52f59cb479,../../partitions/weimar/choco/jams/weimar_172.jams
weimar_173,Line for Lyons,Gerry Mulligan,46.51392290249433,a94f4e3f-bdcd-4158-9e16-5ca73e946b2f,../../partitions/weimar/choco/jams/weimar_173.jams
weimar_174,Scrapple from the Apple,Gerry Mulligan,121.51727891156463,85356089-fc5c-4179-a794-af38e4e058fc,../../partitions/weimar/choco/jams/weimar_174.jams
weimar_175,The Red Door,Gerry Mulligan,66.92281179138322,f96c0281-b9db-4722-ae51-5c963040d885,../../partitions/weimar/choco/jams/weimar_175.jams
weimar_176,This Can't Be Love,Gerry Mulligan,167.82730158730158,04b132d7-2352-4312-b134-b68c2580106c,../../partitions/weimar/choco/jams/weimar_176.jams
weimar_177,Walking Shoes,Gerry Mulligan,63.022721088435375,cc2ed944-cd91-46ec-b51c-bc9dff1f96e9,../../partitions/weimar/choco/jams/weimar_177.jams
weimar_178,Doodlin',Hank Mobley,72.07142857142858,5b7805fe-32fb-4544-9609-68b7fa3ab43b,../../partitions/weimar/choco/jams/weimar_178.jams
weimar_179,Lady Bird,Hank Mobley,104.08344671201814,bc461eae-ce56-4ec1-ba44-b61de78b4c79,../../partitions/weimar/choco/jams/weimar_179.jams
weimar_180,Remember,Hank Mobley,141.83437641723353,f8a00634-3981-4db6-9332-0750de44521e,../../partitions/weimar/choco/jams/weimar_180.jams
weimar_181,Soul Station,Hank Mobley,193.2972335600907,a62b0700-afee-4ca7-937c-eb3810819709,../../partitions/weimar/choco/jams/weimar_181.jams
weimar_182,Did You Call Her Today,Harry Edison,133.20049886621317,57da0424-3108-404e-bff8-5ded4c6343af,../../partitions/weimar/choco/jams/weimar_182.jams
weimar_183,Baby Won't You Please Come Home,Henry Allen,41.923809523809524,0d36dbca-556a-4e81-94dc-80e825ad795c,../../partitions/weimar/choco/jams/weimar_183.jams
weimar_184,Agitation,Herbie Hancock,68.14693877551021,994b4131-360f-446e-9834-aab5c6876815,../../partitions/weimar/choco/jams/weimar_184.jams
weimar_185,Dolores,Herbie Hancock,99.59909297052154,3eab13f7-9f2e-4380-9da4-84087be3f499,../../partitions/weimar/choco/jams/weimar_185.jams
weimar_186,Gingerbread Boy,Herbie Hancock,117.01519274376417,73b85eb1-3187-4d99-af65-2a5e6be89540,../../partitions/weimar/choco/jams/weimar_186.jams
weimar_187,Hand Jive,Herbie Hancock,138.9,379b3538-a287-4bc7-a6c4-f48d3fe0ff59,../../partitions/weimar/choco/jams/weimar_187.jams
weimar_188,Orbits,Herbie Hancock,79.71120181405895,aa05a78b-9e75-42d7-87b3-c074685e52d0,../../partitions/weimar/choco/jams/weimar_188.jams
weimar_189,Baby Won't You Please Come Home,J.C. Higginbotham,40.820680272108845,0d36dbca-556a-4e81-94dc-80e825ad795c,../../partitions/weimar/choco/jams/weimar_189.jams
weimar_190,Blue Mode,J.J. Johnson,90.15736961451248,fc1d191d-ca01-4053-b355-79cf8c5d6983,../../partitions/weimar/choco/jams/weimar_190.jams
weimar_191,Blues in the Closet,J.J. Johnson,197.5483673469388,e3ca10e3-13a5-4fe5-aa23-7af9db3815dc,../../partitions/weimar/choco/jams/weimar_191.jams
weimar_192,Crazy Rhythm,J.J. Johnson,140.63877551020408,20bd0e04-14a5-4436-a0c7-150867c44b81,../../partitions/weimar/choco/jams/weimar_192.jams
weimar_193,Elora,J.J. Johnson,38.914920634920634,3ce11fa9-82d2-47c1-b588-9c44837db225,../../partitions/weimar/choco/jams/weimar_193.jams
weimar_194,My Funny Valentine,J.J. Johnson,134.77977324263037,f775b82c-9259-45d1-b8fc-4313973d78af,../../partitions/weimar/choco/jams/weimar_194.jams
weimar_195,Teapot,J.J. Johnson,48.76020408163266,1b440e27-b7d5-47ce-ba9f-c7ded4f07928,../../partitions/weimar/choco/jams/weimar_195.jams
weimar_196,Walkin',J.J. Johnson,156.51410430839002,019aaa17-2016-4b36-afe4-aa2bdee2fdbd,../../partitions/weimar/choco/jams/weimar_196.jams
weimar_197,Yesterdays,J.J. Johnson,127.51428571428572,7a15ab6c-18cc-42c8-bf0e-d5d8f1656faa,../../partitions/weimar/choco/jams/weimar_197.jams
weimar_198,In 'n Out,Joe Henderson,186.76734693877552,1171c696-89d0-4e7b-a040-d98ac1377571,../../partitions/weimar/choco/jams/weimar_198.jams
weimar_199,In 'n Out,Joe Henderson,82.31183673469388,1171c696-89d0-4e7b-a040-d98ac1377571,../../partitions/weimar/choco/jams/weimar_199.jams
weimar_200,Johnny Come Lately,Joe Henderson,91.62303854875285,2f1595dd-877e-4d38-a5ac-528d165d4166,../../partitions/weimar/choco/jams/weimar_200.jams
weimar_201,Punjab,Joe Henderson,134.81122448979593,203c779e-6dc7-4f88-b4ae-388a24ae132d,../../partitions/weimar/choco/jams/weimar_201.jams
weimar_202,Serenity,Joe Henderson,106.4908163265306,f0acb184-449e-4489-99b3-388b7c96d1ee,../../partitions/weimar/choco/jams/weimar_202.jams
weimar_203,The Sidewinder,Joe Henderson,110.91882086167801,d3fcd032-0fb9-43d7-8aa5-a5794100d060,../../partitions/weimar/choco/jams/weimar_203.jams
weimar_204,Totem Pole,Joe Henderson,111.64371882086168,d3fcd032-0fb9-43d7-8aa5-a5794100d060,../../partitions/weimar/choco/jams/weimar_204.jams
weimar_205,U.M.M.G.,Joe Henderson,70.25818594104308,e301192d-6f25-4775-874b-a9d1d43f49b9,../../partitions/weimar/choco/jams/weimar_205.jams
weimar_206,Body and Soul,Joe Lovano,254.5268934240363,74161a69-c919-4cbf-9ec1-4709dec61379,../../partitions/weimar/choco/jams/weimar_206.jams
weimar_207,Body and Soul,Joe Lovano,85.68163265306121,74161a69-c919-4cbf-9ec1-4709dec61379,../../partitions/weimar/choco/jams/weimar_207.jams
weimar_208,Central Park West,Joe Lovano,202.57668934240363,21acdd86-3290-4da0-b56c-6052ac1a44ca,../../partitions/weimar/choco/jams/weimar_208.jams
weimar_209,Con Alma,Joe Lovano,63.95074829931973,,../../partitions/weimar/choco/jams/weimar_209.jams
weimar_210,I Can't Get Started,Joe Lovano,226.25643990929706,cf2262fa-2742-4666-8bfc-8c29ef79952c,../../partitions/weimar/choco/jams/weimar_210.jams
weimar_211,Little Willie Leaps in,Joe Lovano,203.55473922902493,a6ecb10f-03db-473a-a0fc-371723230633,../../partitions/weimar/choco/jams/weimar_211.jams
weimar_212,Lonnie's Lament,Joe Lovano,193.53673469387755,22c036a5-f1c4-4dd9-a2d2-12fa17bd6780,../../partitions/weimar/choco/jams/weimar_212.jams
weimar_213,Work,Joe Lovano,110.67210884353742,29dd5b8a-7f68-4602-bb50-d2ef9892263c,../../partitions/weimar/choco/jams/weimar_213.jams
weimar_214,Ralph's Piano Waltz,John Abercrombie,78.76267573696146,9c5a05bb-213e-4b7c-bb7b-80a07aa43c59,../../partitions/weimar/choco/jams/weimar_214.jams
weimar_215,26-2,John Coltrane,158.2654875283447,4c2273c0-710b-4f7b-aab2-479a26da4d43,../../partitions/weimar/choco/jams/weimar_215.jams
weimar_216,Bessie's Blues,John Coltrane,80.06879818594105,c37314d9-0466-42ff-8d35-15abb2124850,../../partitions/weimar/choco/jams/weimar_216.jams
weimar_217,Blues by Five,John Coltrane,111.63297052154195,8a88fe10-de8c-4689-9401-e845e1f784d5,../../partitions/weimar/choco/jams/weimar_217.jams
weimar_218,Blue Train,John Coltrane,164.63510204081632,59284d2d-dc82-4ba8-b42f-6c5d906e7e4a,../../partitions/weimar/choco/jams/weimar_218.jams
weimar_219,Body and Soul,John Coltrane,111.51673469387754,0d99820d-5396-4d23-9ecf-cb439ab90b6a,../../partitions/weimar/choco/jams/weimar_219.jams
weimar_220,Body and Soul,John Coltrane,110.12108843537415,9b4e9548-b049-4480-b406-cb1eedaeede2,../../partitions/weimar/choco/jams/weimar_220.jams
weimar_221,Countdown,John Coltrane,89.028231292517,61f4bf5a-a0b4-4a5e-af01-00d2dfad49be,../../partitions/weimar/choco/jams/weimar_221.jams
weimar_222,Giant Steps,John Coltrane,147.5366893424036,cc14d998-bf97-4c94-a835-d4ed9717bc7a,../../partitions/weimar/choco/jams/weimar_222.jams
weimar_223,Giant Steps,John Coltrane,25.148979591836735,cc14d998-bf97-4c94-a835-d4ed9717bc7a,../../partitions/weimar/choco/jams/weimar_223.jams
weimar_224,Impressions,John Coltrane,816.2968253968254,686e08c2-fec1-4a49-acbd-9482c90f83ce,../../partitions/weimar/choco/jams/weimar_224.jams
weimar_225,Impressions,John Coltrane,370.3118367346939,82071d7f-5c85-4326-aead-529c3d723c6c,../../partitions/weimar/choco/jams/weimar_225.jams
weimar_226,Mr. P.C.,John Coltrane,178.69351473922902,e34a693a-80cb-417b-a890-97a3b5dd05e9,../../partitions/weimar/choco/jams/weimar_226.jams
weimar_227,My Favorite Things,John Coltrane,141.9110204081633,4715b9e2-849a-4849-b32c-8e1f07311572,../../partitions/weimar/choco/jams/weimar_227.jams
weimar_228,My Favorite Things,John Coltrane,139.8653514739229,4715b9e2-849a-4849-b32c-8e1f07311572,../../partitions/weimar/choco/jams/weimar_228.jams
weimar_229,Nature Boy,John Coltrane,255.84693877551018,0fa25deb-8551-475f-a379-fbe67fb7efb9,../../partitions/weimar/choco/jams/weimar_229.jams
weimar_230,Nutty,John Coltrane,169.48390022675736,b7606725-cb17-41a3-a1da-cbf0dc823d1d,../../partitions/weimar/choco/jams/weimar_230.jams
weimar_231,Oleo,John Coltrane,114.36689342403628,f211c338-467e-4ed1-8f9b-4c746cafa061,../../partitions/weimar/choco/jams/weimar_231.jams
weimar_232,Soultrane,John Coltrane,95.34938775510204,b7606725-cb17-41a3-a1da-cbf0dc823d1d,../../partitions/weimar/choco/jams/weimar_232.jams
weimar_233,So What,John Coltrane,107.4711111111111,60f750f4-d222-46b7-ad5c-905334c9a48a,../../partitions/weimar/choco/jams/weimar_233.jams
weimar_234,Trane's Blues,John Coltrane,118.76907029478457,b7606725-cb17-41a3-a1da-cbf0dc823d1d,../../partitions/weimar/choco/jams/weimar_234.jams
weimar_235,Got No Blues,Johnny Dodds,27.15714285714286,d45672c4-280c-4df5-a6b6-6de4a4f836ce,../../partitions/weimar/choco/jams/weimar_235.jams
weimar_236,Heebie Jeebies,Johnny Dodds,25.561995464852608,efef9159-3130-49b3-8650-20cf04ac0781,../../partitions/weimar/choco/jams/weimar_236.jams
weimar_237,Hotter than That,Johnny Dodds,36.19120181405896,6600913f-866e-46dc-b726-f3df972d5afb,../../partitions/weimar/choco/jams/weimar_237.jams
weimar_238,Muskrat Ramble,Johnny Dodds,20.037278911564627,4181ff38-0766-46fd-a8b7-32b9bf0e9dae,../../partitions/weimar/choco/jams/weimar_238.jams
weimar_239,My Heart,Johnny Dodds,20.17814058956916,e94fc768-303f-4965-be23-ab3cc162a578,../../partitions/weimar/choco/jams/weimar_239.jams
weimar_240,Once in a While,Johnny Dodds,34.60934240362812,47e03000-d06d-4335-801b-42bd86b2a136,../../partitions/weimar/choco/jams/weimar_240.jams
weimar_241,Bunny,Johnny Hodges,66.90408163265306,e48d322a-ab75-4c3d-b826-7c52f59cb479,../../partitions/weimar/choco/jams/weimar_241.jams
weimar_242,Early Morning Rock,Johnny Hodges,33.62249433106577,,../../partitions/weimar/choco/jams/weimar_242.jams
weimar_243,Blues on Sunday,Joshua Redman,133.74403628117915,,../../partitions/weimar/choco/jams/weimar_243.jams
weimar_244,Home Fries,Joshua Redman,128.58702947845805,6160a29a-deda-47bd-b764-207180f1a668,../../partitions/weimar/choco/jams/weimar_244.jams
weimar_245,I Got You,Joshua Redman,60.881632653061224,ced9823b-fb97-4ae1-9538-bf1ef39a8cd0,../../partitions/weimar/choco/jams/weimar_245.jams
weimar_246,Sweet Sorrow,Joshua Redman,163.59591836734694,c915116b-c79f-40f0-b994-2e204ad3cafa,../../partitions/weimar/choco/jams/weimar_246.jams
weimar_247,Tears in Heaven,Joshua Redman,98.69061224489796,a5d26231-9568-4ed0-a084-fa737107709f,../../partitions/weimar/choco/jams/weimar_247.jams
weimar_248,Tiny's Blues,Kai Winding,63.429841269841276,6857280a-2fe2-4f02-a507-578edb1dd0da,../../partitions/weimar/choco/jams/weimar_248.jams
weimar_249,Blues in Be-Bop,Kenny Dorham,30.400068027210885,3f9c0f89-0e80-4743-ac6c-ed6e3260bb27,../../partitions/weimar/choco/jams/weimar_249.jams
weimar_250,Doodlin',Kenny Dorham,71.20680272108844,5b7805fe-32fb-4544-9609-68b7fa3ab43b,../../partitions/weimar/choco/jams/weimar_250.jams
weimar_251,In 'n Out,Kenny Dorham,117.282947845805,1171c696-89d0-4e7b-a040-d98ac1377571,../../partitions/weimar/choco/jams/weimar_251.jams
weimar_252,Lady Bird,Kenny Dorham,91.71609977324263,bc461eae-ce56-4ec1-ba44-b61de78b4c79,../../partitions/weimar/choco/jams/weimar_252.jams
weimar_253,Prince Albert,Kenny Dorham,173.60399092970522,b4576498-c63e-458f-bf12-2e049125822c,../../partitions/weimar/choco/jams/weimar_253.jams
weimar_254,Punjab,Kenny Dorham,110.67501133786848,203c779e-6dc7-4f88-b4ae-388a24ae132d,../../partitions/weimar/choco/jams/weimar_254.jams
weimar_255,Serenity,Kenny Dorham,44.518027210884355,f0acb184-449e-4489-99b3-388b7c96d1ee,../../partitions/weimar/choco/jams/weimar_255.jams
weimar_256,Brother Hubbard,Kenny Garrett,82.33741496598638,5692bf9b-03a7-41aa-a3e0-b8e540156a0d,../../partitions/weimar/choco/jams/weimar_256.jams
weimar_257,Brother Hubbard,Kenny Garrett,108.00761904761906,5692bf9b-03a7-41aa-a3e0-b8e540156a0d,../../partitions/weimar/choco/jams/weimar_257.jams
weimar_258,Double Vision,Kenny Wheeler,89.45442176870749,f742899d-2ca1-44fd-928a-2dd16fcae0f3,../../partitions/weimar/choco/jams/weimar_258.jams
weimar_259,Pass It On,Kenny Wheeler,69.9501133786848,be9ebacf-9f1f-4fd1-aaf7-9fbc433fb714,../../partitions/weimar/choco/jams/weimar_259.jams
weimar_260,Slipped again,Kenny Wheeler,63.999999999999986,f9650aa1-2728-4e6f-b9e9-b473a7ae4b36,../../partitions/weimar/choco/jams/weimar_260.jams
weimar_261,Got No Blues,Kid Ory,26.52299319727891,d45672c4-280c-4df5-a6b6-6de4a4f836ce,../../partitions/weimar/choco/jams/weimar_261.jams
weimar_262,Gut Bucket Blues,Kid Ory,16.247891156462586,2f50dacd-2e7f-437e-b3ca-570f7c296d85,../../partitions/weimar/choco/jams/weimar_262.jams
weimar_263,Muskrat Ramble,Kid Ory,18.113696145124717,4181ff38-0766-46fd-a8b7-32b9bf0e9dae,../../partitions/weimar/choco/jams/weimar_263.jams
weimar_264,Savoy Blues,Kid Ory,23.003854875283444,7cf8105b-55c8-4468-821e-d5b2989d639d,../../partitions/weimar/choco/jams/weimar_264.jams
weimar_265,Who's it,Kid Ory,36.53514739229025,d783e769-df40-4846-9b11-a2835fbe3df2,../../partitions/weimar/choco/jams/weimar_265.jams
weimar_266,All the Things You Are,Lee Konitz,150.78571428571428,baecbf47-c4e2-4acb-886b-2896341b21d8,../../partitions/weimar/choco/jams/weimar_266.jams
weimar_267,Bop Goes to Leesel,Lee Konitz,75.11106575963719,,../../partitions/weimar/choco/jams/weimar_267.jams
weimar_268,Crosscurrent,Lee Konitz,29.807936507936503,94f379da-5030-4cbf-95a8-372148a29376,../../partitions/weimar/choco/jams/weimar_268.jams
weimar_269,I'll Remember April,Lee Konitz,155.37596371882086,,../../partitions/weimar/choco/jams/weimar_269.jams
weimar_270,Marshmallow,Lee Konitz,51.58621315192744,4216288a-8fb9-40a8-a2ab-731de3411c47,../../partitions/weimar/choco/jams/weimar_270.jams
weimar_271,Mean to Me,Lee Konitz,139.42857142857144,fe4174a2-5d20-4d29-a41d-017c70deb789,../../partitions/weimar/choco/jams/weimar_271.jams
weimar_272,Tautology,Lee Konitz,59.1243537414966,50071276-eeac-4f5a-8a10-8f6ebb3e2ef7,../../partitions/weimar/choco/jams/weimar_272.jams
weimar_273,Wow,Lee Konitz,20.86893424036281,20c1afef-6aa7-4db4-88f1-a917954037e8,../../partitions/weimar/choco/jams/weimar_273.jams
weimar_274,Blue Train,Lee Morgan,107.17460317460316,59284d2d-dc82-4ba8-b42f-6c5d906e7e4a,../../partitions/weimar/choco/jams/weimar_274.jams
weimar_275,Just One of Those Things,Lee Morgan,96.97646258503401,f6f7d7b4-ad67-4551-ac4f-7a227e2478ca,../../partitions/weimar/choco/jams/weimar_275.jams
weimar_276,The Sidewinder,Lee Morgan,112.59591836734694,d3fcd032-0fb9-43d7-8aa5-a5794100d060,../../partitions/weimar/choco/jams/weimar_276.jams
weimar_277,Totem Pole,Lee Morgan,111.07619047619048,d3fcd032-0fb9-43d7-8aa5-a5794100d060,../../partitions/weimar/choco/jams/weimar_277.jams
weimar_278,After Theatre Jump,Lester Young,87.24054421768709,4dc02b92-34af-4185-ad08-b07daefe6db8,../../partitions/weimar/choco/jams/weimar_278.jams
weimar_279,Body and Soul,Lester Young,97.22965986394557,5b634d96-f7b6-4e58-a525-894498ef9b84,../../partitions/weimar/choco/jams/weimar_279.jams
weimar_280,D.B. Blues,Lester Young,70.34081632653063,9139bd63-d359-449c-89f1-50e8c397e047,../../partitions/weimar/choco/jams/weimar_280.jams
weimar_281,Destination K.C.,Lester Young,62.53061224489796,3725f70c-2ac2-43a3-8448-b9672943deaf,../../partitions/weimar/choco/jams/weimar_281.jams
weimar_282,Dickie's Dream,Lester Young,31.20612244897959,67e7059d-7127-432b-be9b-a51f171a3828,../../partitions/weimar/choco/jams/weimar_282.jams
weimar_283,Lester Leaps In,Lester Young,60.89850340136054,369a52fc-8a40-42e4-954d-a09c228cd381,../../partitions/weimar/choco/jams/weimar_283.jams
weimar_284,Six Cats and a Prince,Lester Young,69.81895691609976,68b19d4d-1f81-4ff8-86f3-139fc10dc26a,../../partitions/weimar/choco/jams/weimar_284.jams
weimar_285,Avalon,Lionel Hampton,32.00163265306122,7e8d5670-50a7-42f9-a895-63324f4fc8be,../../partitions/weimar/choco/jams/weimar_285.jams
weimar_286,Dinah,Lionel Hampton,77.16734693877551,5f037a7b-d363-4dce-bd5e-f0de84a23e6c,../../partitions/weimar/choco/jams/weimar_286.jams
weimar_287,High Society,Lionel Hampton,30.23673469387755,c34421ee-01d4-465c-9cbe-956e568ef339,../../partitions/weimar/choco/jams/weimar_287.jams
weimar_288,Memories of You,Lionel Hampton,93.49369614512472,4b415b24-b346-4ce8-a7e0-3411768cd44c,../../partitions/weimar/choco/jams/weimar_288.jams
weimar_289,Runnin' Wild,Lionel Hampton,26.328526077097507,1be0f453-dc33-48a2-8dfc-af1954c14930,../../partitions/weimar/choco/jams/weimar_289.jams
weimar_290,Whispering,Lionel Hampton,38.24199546485261,e2eaf13c-0839-450e-9829-43aad387eceb,../../partitions/weimar/choco/jams/weimar_290.jams
weimar_291,Basin Street Blues,Louis Armstrong,67.16836734693878,931ad827-b244-41f0-bc26-0694dc50c041,../../partitions/weimar/choco/jams/weimar_291.jams
weimar_292,Big Butter and Egg Man,Louis Armstrong,40.076190476190476,41375696-2e0a-4999-bda5-11537655b37e,../../partitions/weimar/choco/jams/weimar_292.jams
weimar_293,Cornet Chop Suey,Louis Armstrong,19.363990929705214,d5383a95-1953-41a0-b902-8a2c6da34ca1,../../partitions/weimar/choco/jams/weimar_293.jams
weimar_294,Got No Blues,Louis Armstrong,57.162244897959184,d45672c4-280c-4df5-a6b6-6de4a4f836ce,../../partitions/weimar/choco/jams/weimar_294.jams
weimar_295,Gut Bucket Blues,Louis Armstrong,20.700589569160996,2f50dacd-2e7f-437e-b3ca-570f7c296d85,../../partitions/weimar/choco/jams/weimar_295.jams
weimar_296,Muskrat Ramble,Louis Armstrong,21.746938775510205,4181ff38-0766-46fd-a8b7-32b9bf0e9dae,../../partitions/weimar/choco/jams/weimar_296.jams
weimar_297,Once in a While,Louis Armstrong,40.61605442176871,47e03000-d06d-4335-801b-42bd86b2a136,../../partitions/weimar/choco/jams/weimar_297.jams
weimar_298,Savoy Blues,Louis Armstrong,44.15419501133786,7cf8105b-55c8-4468-821e-d5b2989d639d,../../partitions/weimar/choco/jams/weimar_298.jams
weimar_299,Cabin Fever,Michael Brecker,154.49682539682541,,../../partitions/weimar/choco/jams/weimar_299.jams
weimar_300,Confirmation,Michael Brecker,262.89922902494334,cebb75e6-b79c-48e5-89ab-07e8128dfff1,../../partitions/weimar/choco/jams/weimar_300.jams
weimar_301,Delta City Blues,Michael Brecker,83.82244897959183,b5c2f8ea-1bf5-4656-b113-7703c64ccf8c,../../partitions/weimar/choco/jams/weimar_301.jams
weimar_302,I Mean You,Michael Brecker,84.87455782312924,9c67ec3e-9297-4d64-b9fc-70f71395e162,../../partitions/weimar/choco/jams/weimar_302.jams
weimar_303,Midnight Voyage,Michael Brecker,153.8577097505669,7b321d8a-d069-4492-9d49-693c25f9b11d,../../partitions/weimar/choco/jams/weimar_303.jams
weimar_304,Naked Soul,Michael Brecker,166.45278911564625,7d19ca3a-8e57-4850-b1f9-597dc22444b0,../../partitions/weimar/choco/jams/weimar_304.jams
weimar_305,Never Alone,Michael Brecker,90.74693877551022,72d5b67c-3862-4691-a8d7-a95dc8a0993a,../../partitions/weimar/choco/jams/weimar_305.jams
weimar_306,Nothing Personal,Michael Brecker,118.59015873015873,f112a4bc-e042-4529-aa32-06ecd26dcb10,../../partitions/weimar/choco/jams/weimar_306.jams
weimar_307,Peep,Michael Brecker,146.23346938775512,11460e10-d14e-44eb-a3fa-311a6c67c1d1,../../partitions/weimar/choco/jams/weimar_307.jams
weimar_308,Song for Bilbao,Michael Brecker,71.52761904761904,d98d3c5a-a903-45e2-a4cc-77dc50e4f669,../../partitions/weimar/choco/jams/weimar_308.jams
weimar_309,Agitation,Miles Davis,106.0687528344671,994b4131-360f-446e-9834-aab5c6876815,../../partitions/weimar/choco/jams/weimar_309.jams
weimar_310,Airegin,Miles Davis,109.04984126984127,35def392-04d1-45ad-8107-148ab890cb2f,../../partitions/weimar/choco/jams/weimar_310.jams
weimar_311,Bitches Brew,Miles Davis,146.76154195011338,fa340982-56ff-4d4d-9848-017ec8f1c244,../../partitions/weimar/choco/jams/weimar_311.jams
weimar_312,Bitches Brew,Miles Davis,152.6310657596372,fa340982-56ff-4d4d-9848-017ec8f1c244,../../partitions/weimar/choco/jams/weimar_312.jams
weimar_313,Blues by Five,Miles Davis,130.62027210884352,8a88fe10-de8c-4689-9401-e845e1f784d5,../../partitions/weimar/choco/jams/weimar_313.jams
weimar_314,Dolores,Miles Davis,80.48326530612245,3eab13f7-9f2e-4380-9da4-84087be3f499,../../partitions/weimar/choco/jams/weimar_314.jams
weimar_315,E.S.P.,Miles Davis,159.6164172335601,60044ad0-cc9e-4753-9903-bfeaf6e3a12c,../../partitions/weimar/choco/jams/weimar_315.jams
weimar_316,Eighty-One,Miles Davis,125.37650793650795,97a6eead-0558-4681-ba86-b456bfc41752,../../partitions/weimar/choco/jams/weimar_316.jams
weimar_317,K.C. Blues,Miles Davis,48.330612244897964,,../../partitions/weimar/choco/jams/weimar_317.jams
weimar_318,Miles Runs the Voodoo Down,Miles Davis,212.54902494331066,d9bfa893-1fc6-4a10-ab08-70080173846d,../../partitions/weimar/choco/jams/weimar_318.jams
weimar_319,Miles Runs the Voodoo Down,Miles Davis,171.9437641723356,d9bfa893-1fc6-4a10-ab08-70080173846d,../../partitions/weimar/choco/jams/weimar_319.jams
weimar_320,Oleo,Miles Davis,56.35510204081632,f211c338-467e-4ed1-8f9b-4c746cafa061,../../partitions/weimar/choco/jams/weimar_320.jams
weimar_321,Oleo,Miles Davis,55.2518820861678,f211c338-467e-4ed1-8f9b-4c746cafa061,../../partitions/weimar/choco/jams/weimar_321.jams
weimar_322,Orbits,Miles Davis,68.86458049886622,aa05a78b-9e75-42d7-87b3-c074685e52d0,../../partitions/weimar/choco/jams/weimar_322.jams
weimar_323,So What,Miles Davis,112.11174603174604,60f750f4-d222-46b7-ad5c-905334c9a48a,../../partitions/weimar/choco/jams/weimar_323.jams
weimar_324,Trane's Blues,Miles Davis,105.82367346938776,b7606725-cb17-41a3-a1da-cbf0dc823d1d,../../partitions/weimar/choco/jams/weimar_324.jams
weimar_325,Tune Up,Miles Davis,82.6833560090703,,../../partitions/weimar/choco/jams/weimar_325.jams
weimar_326,Vierd Blues,Miles Davis,100.1699319727891,28b5ee97-cae7-4144-8233-af5fafa58e13,../../partitions/weimar/choco/jams/weimar_326.jams
weimar_327,Walkin',Miles Davis,159.37922902494333,019aaa17-2016-4b36-afe4-aa2bdee2fdbd,../../partitions/weimar/choco/jams/weimar_327.jams
weimar_328,All the Things You Are,Milt Jackson,55.07773242630385,4ba28cbe-3102-412e-8a13-4637cc2e6a62,../../partitions/weimar/choco/jams/weimar_328.jams
weimar_329,Bag's Groove,Milt Jackson,34.69560090702947,6b533b84-b5d1-46d0-9ab9-447b8cae24a0,../../partitions/weimar/choco/jams/weimar_329.jams
weimar_330,Bemsha Swing,Milt Jackson,127.06340136054423,9e276eba-5556-411f-bd43-ebdc5d641be1,../../partitions/weimar/choco/jams/weimar_330.jams
weimar_331,Don't Get Around Much Anymore,Milt Jackson,42.13115646258503,ea76e65a-4af3-4fb8-a68a-bf55bc411e12,../../partitions/weimar/choco/jams/weimar_331.jams
weimar_332,Softly as in a Morning Sunrise,Milt Jackson,171.3467573696145,,../../partitions/weimar/choco/jams/weimar_332.jams
weimar_333,What's New,Milt Jackson,48.99591836734694,2ef20aa8-7e0a-4ae4-a41a-37bf008b9c97,../../partitions/weimar/choco/jams/weimar_333.jams
weimar_334,Bohemia After Dark,Nat Adderley,74.89081632653061,722d294e-2d49-4445-b572-bc749270fd6c,../../partitions/weimar/choco/jams/weimar_334.jams
weimar_335,Work Song,Nat Adderley,74.71083900226758,c9971301-317e-477a-9140-5dc2a8e75e6c,../../partitions/weimar/choco/jams/weimar_335.jams
weimar_336,Bird Food,Ornette Coleman,117.61224489795919,88fb88ea-84c9-49ba-8a1a-43182deb4054,../../partitions/weimar/choco/jams/weimar_336.jams
weimar_337,Chronology,Ornette Coleman,161.50349206349205,80067bcd-fcfb-4bec-9f76-409072587bd0,../../partitions/weimar/choco/jams/weimar_337.jams
weimar_338,Congeniality,Ornette Coleman,167.21632653061224,4a9619ee-43c7-4708-a173-6253550518ab,../../partitions/weimar/choco/jams/weimar_338.jams
weimar_339,Peace,Ornette Coleman,166.0091836734694,07b95993-0749-4647-af51-1f5aaf37d651,../../partitions/weimar/choco/jams/weimar_339.jams
weimar_340,Ramblin',Ornette Coleman,134.14285714285714,d58bbd22-77c3-4482-b4a0-90b3a7dd164f,../../partitions/weimar/choco/jams/weimar_340.jams
weimar_341,Along Came Betty,Pat Martino,122.49673469387757,d6ce229d-77a4-4fdb-98f0-2e250701f8c0,../../partitions/weimar/choco/jams/weimar_341.jams
weimar_342,All the Things You Are,Pat Metheny,171.71836734693878,d70b09f3-63dd-412c-8b9f-02c14d3b97c0,../../partitions/weimar/choco/jams/weimar_342.jams
weimar_343,Cabin Fever,Pat Metheny,71.99591836734693,8578a833-3bd8-4ca9-9e76-bd9a6c4a68b9,../../partitions/weimar/choco/jams/weimar_343.jams
weimar_344,Midnight Voyage,Pat Metheny,75.53909297052154,7b321d8a-d069-4492-9d49-693c25f9b11d,../../partitions/weimar/choco/jams/weimar_344.jams
weimar_345,Nothing Personal,Pat Metheny,73.47863945578231,f112a4bc-e042-4529-aa32-06ecd26dcb10,../../partitions/weimar/choco/jams/weimar_345.jams
weimar_346,Alianca,Paul Desmond,67.53469387755102,0a635730-d771-4ad9-a8e9-d66f0e04ec79,../../partitions/weimar/choco/jams/weimar_346.jams
weimar_347,Alianca,Paul Desmond,31.081632653061227,0a635730-d771-4ad9-a8e9-d66f0e04ec79,../../partitions/weimar/choco/jams/weimar_347.jams
weimar_348,Alone Together,Paul Desmond,160.29387755102042,9edfd703-8b16-4f8e-831a-846614e1727d,../../partitions/weimar/choco/jams/weimar_348.jams
weimar_349,Blue Rondo a la Turk,Paul Desmond,97.99285714285713,b7606725-cb17-41a3-a1da-cbf0dc823d1d,../../partitions/weimar/choco/jams/weimar_349.jams
weimar_350,Bossa Antigua,Paul Desmond,80.1901133786848,8913ceaf-d595-4b55-90f9-dea6b709ee8e,../../partitions/weimar/choco/jams/weimar_350.jams
weimar_351,Samba Cantina,Paul Desmond,103.45816326530611,bf6d228a-da62-4bc9-a54f-3bf160ccbd77,../../partitions/weimar/choco/jams/weimar_351.jams
weimar_352,Samba Cantina,Paul Desmond,48.65714285714286,bf6d228a-da62-4bc9-a54f-3bf160ccbd77,../../partitions/weimar/choco/jams/weimar_352.jams
weimar_353,The Girl from East 9th Street,Paul Desmond,108.75102040816326,031689b6-f503-4d9b-8f45-bc023b5e2004,../../partitions/weimar/choco/jams/weimar_353.jams
weimar_354,A Night in Tunisia,Pepper Adams,118.33795918367346,c793b9f2-1478-4684-ad55-9ad3752370ab,../../partitions/weimar/choco/jams/weimar_354.jams
weimar_355,Early Morning Mood,Pepper Adams,95.88952380952381,b453d593-0f1b-4c41-991e-b9c389467225,../../partitions/weimar/choco/jams/weimar_355.jams
weimar_356,How High the Moon,Pepper Adams,32.95918367346939,dcb9f1ec-4e31-41d3-be43-628aa452da99,../../partitions/weimar/choco/jams/weimar_356.jams
weimar_357,Just One of Those Things,Pepper Adams,100.50201814058957,f6f7d7b4-ad67-4551-ac4f-7a227e2478ca,../../partitions/weimar/choco/jams/weimar_357.jams
weimar_358,You'd Be So Nice to Come Home to,Pepper Adams,43.285714285714285,6a239b58-68ce-459c-a446-01febba53b1f,../../partitions/weimar/choco/jams/weimar_358.jams
weimar_359,Be My Love,Phil Woods,121.0592290249433,4107ddbf-3e08-462a-9458-e78a1eadfd20,../../partitions/weimar/choco/jams/weimar_359.jams
weimar_360,Cotton Tail,Phil Woods,30.809977324263038,ffc84cb6-12bf-40e1-bf24-80c1568989c0,../../partitions/weimar/choco/jams/weimar_360.jams
weimar_361,Crazy Rhythm,Phil Woods,33.436734693877554,b17ab882-6d0b-4c1a-a50f-a836bcc7e900,../../partitions/weimar/choco/jams/weimar_361.jams
weimar_362,Honeysuckle Rose,Phil Woods,32.91863945578232,739d6ed7-141d-40a7-bdf2-38bc6e84864d,../../partitions/weimar/choco/jams/weimar_362.jams
weimar_363,On a Slow Boat to China,Phil Woods,129.0720634920635,,../../partitions/weimar/choco/jams/weimar_363.jams
weimar_364,Strollin' with Pam,Phil Woods,147.27836734693878,,../../partitions/weimar/choco/jams/weimar_364.jams
weimar_365,Oleo,Red Garland,59.353106575963714,f211c338-467e-4ed1-8f9b-4c746cafa061,../../partitions/weimar/choco/jams/weimar_365.jams
weimar_366,Perdido,Rex Stewart,86.95306122448979,9b41dfd1-4eab-4edd-a703-d9a277c408d8,../../partitions/weimar/choco/jams/weimar_366.jams
weimar_367,Body and Soul,Roy Eldridge,76.72589569160998,aa303ee8-9a54-47de-a7b9-4a725cf2680b,../../partitions/weimar/choco/jams/weimar_367.jams
weimar_368,King David,Roy Eldridge,38.019773242630386,ca004fea-78b6-431c-8bae-e7e3963f6c15,../../partitions/weimar/choco/jams/weimar_368.jams
weimar_369,St. Louis Blues,Roy Eldridge,34.57142857142858,e142b1ab-6645-4a11-a72d-9692f500b5f3,../../partitions/weimar/choco/jams/weimar_369.jams
weimar_370,The Gasser,Roy Eldridge,71.08208616780045,,../../partitions/weimar/choco/jams/weimar_370.jams
weimar_371,The Gasser,Roy Eldridge,66.05918367346939,,../../partitions/weimar/choco/jams/weimar_371.jams
weimar_372,Undecided,Roy Eldridge,63.24099773242631,8f233008-349c-4d0d-8122-2c6023df4d55,../../partitions/weimar/choco/jams/weimar_372.jams
weimar_373,Baby Won't You Please Come Home,Sidney Bechet,21.20562358276644,0d36dbca-556a-4e81-94dc-80e825ad795c,../../partitions/weimar/choco/jams/weimar_373.jams
weimar_374,I'm Coming Virginia,Sidney Bechet,29.70412698412698,a2317572-9ded-4e52-9bbe-2deb7da1bece,../../partitions/weimar/choco/jams/weimar_374.jams
weimar_375,Limehouse Blues,Sidney Bechet,31.42857142857143,2b718e7e-f877-4a44-a7d3-ad24375d58dd,../../partitions/weimar/choco/jams/weimar_375.jams
weimar_376,Really the Blues,Sidney Bechet,81.26122448979592,1c57643c-2de7-4f69-84fa-300faf0503ae,../../partitions/weimar/choco/jams/weimar_376.jams
weimar_377,Summertime,Sidney Bechet,189.06848072562357,1b79829f-fcfa-47dc-90f9-5537ca749975,../../partitions/weimar/choco/jams/weimar_377.jams
weimar_378,Airegin,Sonny Rollins,105.29814058956916,35def392-04d1-45ad-8107-148ab890cb2f,../../partitions/weimar/choco/jams/weimar_378.jams
weimar_379,Blue Seven,Sonny Rollins,109.70657596371882,26b0dbe3-b9dd-4061-998a-fecb892d5a2a,../../partitions/weimar/choco/jams/weimar_379.jams
weimar_380,Blue Seven,Sonny Rollins,38.39591836734694,26b0dbe3-b9dd-4061-998a-fecb892d5a2a,../../partitions/weimar/choco/jams/weimar_380.jams
weimar_381,Blue Seven,Sonny Rollins,46.080000000000005,26b0dbe3-b9dd-4061-998a-fecb892d5a2a,../../partitions/weimar/choco/jams/weimar_381.jams
weimar_382,I'll Remember April,Sonny Rollins,77.42208616780046,d84746cf-9bc6-40f0-bd4d-e86a553cd3d4,../../partitions/weimar/choco/jams/weimar_382.jams
weimar_383,Playin' in the Yard,Sonny Rollins,75.19201814058957,d0d524e5-f28d-4c96-abb5-6ddb9e7f04e6,../../partitions/weimar/choco/jams/weimar_383.jams
weimar_384,Playin' in the Yard,Sonny Rollins,54.54947845804989,d0d524e5-f28d-4c96-abb5-6ddb9e7f04e6,../../partitions/weimar/choco/jams/weimar_384.jams
weimar_385,St. Thomas,Sonny Rollins,92.53061224489795,743ab1b8-c929-4f2f-8ee0-401a01434144,../../partitions/weimar/choco/jams/weimar_385.jams
weimar_386,St. Thomas,Sonny Rollins,68.9661678004535,743ab1b8-c929-4f2f-8ee0-401a01434144,../../partitions/weimar/choco/jams/weimar_386.jams
weimar_387,Tenor Madness,Sonny Rollins,130.6251247165533,2cf1c0e0-de85-4532-acff-887ffac75499,../../partitions/weimar/choco/jams/weimar_387.jams
weimar_388,The Everywhere Calypso,Sonny Rollins,131.40308390022676,70543709-7166-410b-a9e9-c07600315657,../../partitions/weimar/choco/jams/weimar_388.jams
weimar_389,The Everywhere Calypso,Sonny Rollins,186.30816326530612,70543709-7166-410b-a9e9-c07600315657,../../partitions/weimar/choco/jams/weimar_389.jams
weimar_390,Vierd Blues,Sonny Rollins,148.7932879818594,28b5ee97-cae7-4144-8233-af5fafa58e13,../../partitions/weimar/choco/jams/weimar_390.jams
weimar_391,Blue Mode,Sonny Stitt,94.06938775510204,fc1d191d-ca01-4053-b355-79cf8c5d6983,../../partitions/weimar/choco/jams/weimar_391.jams
weimar_392,Blues in Be-Bop,Sonny Stitt,28.97551020408163,3f9c0f89-0e80-4743-ac6c-ed6e3260bb27,../../partitions/weimar/choco/jams/weimar_392.jams
weimar_393,Body and Soul,Sonny Stitt,123.51600907029479,aa1d15b7-9633-402c-a2ae-df405a75dc93,../../partitions/weimar/choco/jams/weimar_393.jams
weimar_394,Elora,Sonny Stitt,38.71011337868481,3ce11fa9-82d2-47c1-b588-9c44837db225,../../partitions/weimar/choco/jams/weimar_394.jams
weimar_395,Good Kick,Sonny Stitt,42.71659863945578,,../../partitions/weimar/choco/jams/weimar_395.jams
weimar_396,Teapot,Sonny Stitt,49.27142857142857,1b440e27-b7d5-47ce-ba9f-c7ded4f07928,../../partitions/weimar/choco/jams/weimar_396.jams
weimar_397,Blues in the Closet,Stan Getz,187.6600453514739,e3ca10e3-13a5-4fe5-aa23-7af9db3815dc,../../partitions/weimar/choco/jams/weimar_397.jams
weimar_398,Body and Soul,Stan Getz,180.07074829931975,5cebd128-9ef7-425b-9a36-6620438a1b3b,../../partitions/weimar/choco/jams/weimar_398.jams
weimar_399,Crazy Rhythm,Stan Getz,212.6877551020408,20bd0e04-14a5-4436-a0c7-150867c44b81,../../partitions/weimar/choco/jams/weimar_399.jams
weimar_400,I'm Glad There Is You,Stan Getz,62.91882086167801,f529d60c-00b0-4d0a-b441-af0fa65c19e6,../../partitions/weimar/choco/jams/weimar_400.jams
weimar_401,Insensatez,Stan Getz,61.17732426303856,6a9a6e75-3316-4f6f-8a63-1c3d58a5a0cc,../../partitions/weimar/choco/jams/weimar_401.jams
weimar_402,My Funny Valentine,Stan Getz,199.11546485260772,f775b82c-9259-45d1-b8fc-4313973d78af,../../partitions/weimar/choco/jams/weimar_402.jams
weimar_403,Cross-Fade,Steve Coleman,44.80870748299319,0f42f96d-9f32-40e1-bf2e-6702fbf64d50,../../partitions/weimar/choco/jams/weimar_403.jams
weimar_404,Cross-Fade,Steve Coleman,14.803174603174602,0f42f96d-9f32-40e1-bf2e-6702fbf64d50,../../partitions/weimar/choco/jams/weimar_404.jams
weimar_405,Double Vision,Steve Coleman,184.48544217687075,f742899d-2ca1-44fd-928a-2dd16fcae0f3,../../partitions/weimar/choco/jams/weimar_405.jams
weimar_406,Pass It On,Steve Coleman,76.77678004535149,be9ebacf-9f1f-4fd1-aaf7-9fbc433fb714,../../partitions/weimar/choco/jams/weimar_406.jams
weimar_407,Processional,Steve Coleman,104.85718820861679,ac1d70ff-bd7f-4f62-8ae5-4db0d11dafd2,../../partitions/weimar/choco/jams/weimar_407.jams
weimar_408,Segment,Steve Coleman,163.4792743764172,df52f125-6183-4d9f-ae1c-89377d212420,../../partitions/weimar/choco/jams/weimar_408.jams
weimar_409,Slipped again,Steve Coleman,65.26104308390023,f9650aa1-2728-4e6f-b9e9-b473a7ae4b36,../../partitions/weimar/choco/jams/weimar_409.jams
weimar_410,Take the Coltrane,Steve Coleman,169.8595918367347,df52f125-6183-4d9f-ae1c-89377d212420,../../partitions/weimar/choco/jams/weimar_410.jams
weimar_411,The Oracle,Steve Coleman,174.0039455782313,e71aeb1c-ee18-466c-a417-947c078e2c21,../../partitions/weimar/choco/jams/weimar_411.jams
weimar_412,The Oracle,Steve Coleman,174.654693877551,e71aeb1c-ee18-466c-a417-947c078e2c21,../../partitions/weimar/choco/jams/weimar_412.jams
weimar_413,Alone Together,Steve Lacy,78.66326530612245,2c0d47e0-e441-4901-a70a-1e4e167725b4,../../partitions/weimar/choco/jams/weimar_413.jams
weimar_414,Ask Me Now,Steve Lacy,88.99469387755101,b1506b27-04f5-476d-9ee6-ece9ffcf7454,../../partitions/weimar/choco/jams/weimar_414.jams
weimar_415,Easy to Love,Steve Lacy,187.7055328798186,9ddf9ac7-49de-4847-b038-506e888b13af,../../partitions/weimar/choco/jams/weimar_415.jams
weimar_416,Let's Cool One,Steve Lacy,115.17968253968253,c102b624-9618-4157-a64f-8a02f5267f67,../../partitions/weimar/choco/jams/weimar_416.jams
weimar_417,Skippy,Steve Lacy,86.60172335600907,1878c31b-afe9-433f-b25a-5b8141deedd5,../../partitions/weimar/choco/jams/weimar_417.jams
weimar_418,Work,Steve Lacy,92.78979591836735,,../../partitions/weimar/choco/jams/weimar_418.jams
weimar_419,Dat Dere,Steve Turre,131.67396825396824,64243e6a-e3bb-4da5-9329-1fb95841b7b8,../../partitions/weimar/choco/jams/weimar_419.jams
weimar_420,If I Were a Bell,Steve Turre,59.35918367346939,3b65d801-9cfa-4614-9b64-0f2f8009d38d,../../partitions/weimar/choco/jams/weimar_420.jams
weimar_421,Steve's Blues,Steve Turre,57.636281179138315,70c4f6eb-b0f4-4e64-aee1-906ac42d3301,../../partitions/weimar/choco/jams/weimar_421.jams
weimar_422,Pass It On,Von Freeman,103.41224489795917,be9ebacf-9f1f-4fd1-aaf7-9fbc433fb714,../../partitions/weimar/choco/jams/weimar_422.jams
weimar_423,Crosscurrent,Warne Marsh,29.401859410430838,94f379da-5030-4cbf-95a8-372148a29376,../../partitions/weimar/choco/jams/weimar_423.jams
weimar_424,Tautology,Warne Marsh,56.53777777777778,50071276-eeac-4f5a-8a10-8f6ebb3e2ef7,../../partitions/weimar/choco/jams/weimar_424.jams
weimar_425,Wow,Warne Marsh,21.995918367346942,20c1afef-6aa7-4db4-88f1-a917954037e8,../../partitions/weimar/choco/jams/weimar_425.jams
weimar_426,Adam's Apple,Wayne Shorter,131.93528344671202,235145f7-6611-4fc4-9b1f-f5a071b4f8bb,../../partitions/weimar/choco/jams/weimar_426.jams
weimar_427,Dolores,Wayne Shorter,73.04748299319729,3eab13f7-9f2e-4380-9da4-84087be3f499,../../partitions/weimar/choco/jams/weimar_427.jams
weimar_428,Down Under,Wayne Shorter,46.35111111111111,25de5364-766f-40e9-be39-4a8591a51284,../../partitions/weimar/choco/jams/weimar_428.jams
weimar_429,E.S.P.,Wayne Shorter,53.950158730158726,60044ad0-cc9e-4753-9903-bfeaf6e3a12c,../../partitions/weimar/choco/jams/weimar_429.jams
weimar_430,Eighty-One,Wayne Shorter,102.27755102040817,97a6eead-0558-4681-ba86-b456bfc41752,../../partitions/weimar/choco/jams/weimar_430.jams
weimar_431,Footprints,Wayne Shorter,127.35854875283447,cf85ae5b-b918-4fc6-b167-928f38376e9a,../../partitions/weimar/choco/jams/weimar_431.jams
weimar_432,Infant Eyes,Wayne Shorter,126.72857142857143,7530962f-6a09-4c26-862b-533e33bd12a6,../../partitions/weimar/choco/jams/weimar_432.jams
weimar_433,Juju,Wayne Shorter,169.9984580498866,,../../partitions/weimar/choco/jams/weimar_433.jams
weimar_434,Orbits,Wayne Shorter,63.73877551020408,aa05a78b-9e75-42d7-87b3-c074685e52d0,../../partitions/weimar/choco/jams/weimar_434.jams
weimar_435,Speak No Evil,Wayne Shorter,167.53750566893424,52f5dd01-050e-4db2-b85f-a4775a321292,../../partitions/weimar/choco/jams/weimar_435.jams
weimar_436,Dat Dere,Woody Shaw,134.76653061224488,64243e6a-e3bb-4da5-9329-1fb95841b7b8,../../partitions/weimar/choco/jams/weimar_436.jams
weimar_437,If I Were a Bell,Woody Shaw,60.921428571428564,3b65d801-9cfa-4614-9b64-0f2f8009d38d,../../partitions/weimar/choco/jams/weimar_437.jams
weimar_438,Imagination,Woody Shaw,154.84126984126985,b94a81ed-d5c1-4e21-b0c7-8f9d1a2aff27,../../partitions/weimar/choco/jams/weimar_438.jams
weimar_439,In a Capricornian Way,Woody Shaw,178.08734693877554,afd93afb-96b5-4efa-957c-d17d2110e49d,../../partitions/weimar/choco/jams/weimar_439.jams
weimar_440,Rahsaan's Run,Woody Shaw,57.92448979591836,fe3dbacd-c9f4-4be7-afee-004388b9e1de,../../partitions/weimar/choco/jams/weimar_440.jams
weimar_441,Rosewood,Woody Shaw,95.77224489795918,633aebd9-f933-4069-afac-adba180ba5f2,../../partitions/weimar/choco/jams/weimar_441.jams
weimar_442,Stepping Stone,Woody Shaw,29.365759637188205,9ad2f5ed-0831-4b5f-b32d-cba6f4443b7a,../../partitions/weimar/choco/jams/weimar_442.jams
weimar_443,Steve's Blues,Woody Shaw,69.55628117913832,70c4f6eb-b0f4-4e64-aee1-906ac42d3301,../../partitions/weimar/choco/jams/weimar_443.jams
weimar_444,April in Paris,Wynton Marsalis,104.94403628117914,,../../partitions/weimar/choco/jams/weimar_444.jams
weimar_445,Caravan,Wynton Marsalis,156.58009070294784,dde9ab7a-6cf1-4624-9b41-aa0e163dca16,../../partitions/weimar/choco/jams/weimar_445.jams
weimar_446,Cherokee,Wynton Marsalis,92.59183673469387,cdde3b78-9e0f-49a9-a790-12abf5d098ba,../../partitions/weimar/choco/jams/weimar_446.jams
weimar_447,Cherokee II,Wynton Marsalis,90.43775510204081,93326db0-83c7-44c0-ba3b-a009225852b9,../../partitions/weimar/choco/jams/weimar_447.jams
weimar_448,Johnny Come Lately,Wynton Marsalis,63.332426303854874,2f1595dd-877e-4d38-a5ac-528d165d4166,../../partitions/weimar/choco/jams/weimar_448.jams
weimar_449,U.M.M.G.,Wynton Marsalis,70.02839002267574,e301192d-6f25-4775-874b-a9d1d43f49b9,../../partitions/weimar/choco/jams/weimar_449.jams
weimar_450,You're My Everything,Wynton Marsalis,58.244897959183675,,../../partitions/weimar/choco/jams/weimar_450.jams
weimar_451,All the Things You Are,Zoot Sims,46.36462585034014,,../../partitions/weimar/choco/jams/weimar_451.jams
weimar_452,Dancing in the Dark,Zoot Sims,62.64321995464852,bda792e5-2b65-4984-812c-44fd43d41b6f,../../partitions/weimar/choco/jams/weimar_452.jams
weimar_453,Dancing in the Dark,Zoot Sims,73.36326530612244,bda792e5-2b65-4984-812c-44fd43d41b6f,../../partitions/weimar/choco/jams/weimar_453.jams
weimar_454,King David,Zoot Sims,31.620680272108842,ca004fea-78b6-431c-8bae-e7e3963f6c15,../../partitions/weimar/choco/jams/weimar_454.jams
weimar_455,Night and Day,Zoot Sims,89.6,441ed41e-2fe4-4dda-a6ba-e131a158cae5,../../partitions/weimar/choco/jams/weimar_455.jams
weimar_456,Night and Day,Zoot Sims,60.94657596371883,441ed41e-2fe4-4dda-a6ba-e131a158cae5,../../partitions/weimar/choco/jams/weimar_456.jams
